PassengerId,Survived,Pclass,Age,SibSp,Parch,Fare,Sex,Embarked,Cabin
1,0,3,38.44359937468681,0,0,4.892477907842704,female,S,nan
2,1,3,24.285570416053705,1,0,4.14963566574574,male,S,nan
3,1,1,60.45657933818818,0,0,38.392722856256434,male,S,nan
4,0,3,,1,1,55.154270267556285,female,S,nan
5,0,1,2.693971086940472,1,0,52.92146664141647,male,S,nan
6,1,3,15.165551686389847,1,1,112.0778173250148,male,Q,A1
7,0,3,4.462706659096671,0,0,20.430924506124462,male,S,C3
8,1,1,29.951352122693955,0,0,5.288749539274826,male,S,nan
9,0,1,27.93382425122666,0,0,4.1766297992108745,male,C,nan
10,0,1,22.90782738045786,0,2,6.232619995430576,male,nan,nan
11,1,3,58.858428629807456,0,0,106.20469360536853,male,S,nan
12,1,3,37.66025167411521,0,0,3.6283668942890888,male,C,B2
13,1,3,,0,0,25.428271074899722,male,S,nan
14,1,3,16.199434424839502,0,0,94.62756571435362,male,S,nan
15,1,3,15.212399075700322,0,0,20.394732819394132,female,S,nan
16,1,1,30.23367973690584,2,0,4.101271667554598,male,S,nan
17,1,3,32.208603524957276,0,2,38.01418463020357,male,Q,nan
18,0,2,2.783482276840374,3,0,5.303402100304946,female,C,B2
19,1,3,,2,0,68.10617886745561,female,S,nan
20,0,3,29.90404520166582,0,0,1.9452504512099793,male,S,nan
21,1,3,26.58033709631863,1,1,23.260281763933147,male,Q,nan
22,0,3,17.90583902097319,0,1,43.41169803800371,female,S,A1
23,0,1,,1,0,5.398584051815915,female,S,nan
24,1,3,27.135541693194458,0,2,1.3504765916860897,male,S,nan
25,1,2,31.016600342345694,0,0,21.861724245299172,male,S,nan
26,1,3,38.46947794698323,0,1,15.609472007974038,male,S,nan
27,0,1,,0,2,9.340781239707143,male,Q,B2
28,1,1,25.431958008854878,3,0,35.395507698994415,female,S,nan
29,1,2,23.08573515632731,0,0,40.097928889794694,female,S,nan
30,0,2,36.04600726624744,1,0,86.04296517090516,male,C,nan
31,0,2,,3,0,132.70051319716248,male,S,nan
32,0,3,,0,1,20.166019400933724,female,C,nan
33,0,3,41.1607054160095,0,0,1.9069318070632544,male,S,nan
34,1,2,,1,0,8.155676868625326,female,S,A1
35,1,2,48.42945375205076,0,2,1.0764039363584732,male,S,nan
36,0,1,55.485653147437425,0,0,17.35604699605125,male,C,nan
37,1,3,17.136965989438135,0,0,3.198988556920363,male,S,nan
38,1,2,29.901524035321412,2,0,84.6802565480581,male,C,nan
39,0,1,,0,0,1.9505228698509645,female,S,nan
40,1,2,28.27793325627864,0,0,49.273958276621684,male,S,nan
41,0,3,20.285687665653025,0,0,8.106267361286159,male,C,nan
42,1,1,8.159350953149463,0,0,13.902527189775828,male,S,nan
43,1,3,31.043851967420554,0,0,51.76900229807242,male,C,B2
44,0,3,18.558842936555266,1,0,0.9426810454794184,male,S,nan
45,0,3,,1,0,5.633494808183317,female,S,D4
46,1,3,18.186368645366628,0,0,20.054556156649017,male,C,nan
47,0,3,13.75495398525705,0,0,31.066074621577396,male,S,nan
48,1,2,33.09732622546502,0,0,20.41852870499081,male,S,nan
49,1,3,,0,0,23.416409064860506,male,S,nan
50,1,3,38.09958858415352,0,0,37.96076199051246,female,C,nan
51,1,2,61.39502461305557,1,0,1.1927666855740389,male,S,nan
52,0,3,33.72069820255728,0,2,12.808969451585943,male,S,B2
53,0,2,,0,0,19.36636644989425,female,C,A1
54,0,3,14.075360731423782,0,0,36.33272257561122,female,S,nan
55,0,3,11.03984211222257,0,0,19.31675332084245,female,Q,nan
56,0,3,,0,0,16.141804930061735,male,C,nan
57,1,3,,2,0,10.55924783956451,male,S,A1
58,0,3,14.562810963704688,1,1,24.22118624023496,female,Q,nan
59,1,3,,2,1,6.3076564764924905,male,S,nan
60,1,3,28.392210006027867,2,0,2.579068098923195,male,S,nan
61,1,2,16.61365565657227,0,0,70.8253336763683,male,S,nan
62,1,3,25.277888328660048,2,0,30.760749295286633,female,S,nan
63,0,3,47.525947905926515,0,0,3.23551000167758,male,S,nan
64,1,1,18.013092671938935,0,0,0.7498003800457025,male,S,nan
65,0,1,,0,0,32.27466048871879,male,S,nan
66,0,3,43.36760750304698,0,2,50.15825585852473,male,S,nan
67,1,1,36.83830522310153,0,0,23.46596780496199,female,S,nan
68,0,2,,0,0,1.1911543832002682,male,C,C3
69,0,2,6.758578266159688,1,0,6.480168035680267,male,S,nan
70,0,1,18.90296133164083,1,0,1.8025307476328378,female,S,nan
71,1,2,,0,2,45.04665419188926,female,S,nan
72,0,3,46.60224530331537,0,0,5.17895106146564,male,S,nan
73,0,1,14.669561364389974,1,0,58.133678712134085,female,S,A1
74,0,3,28.474461718083635,0,0,42.79782966489318,male,S,nan
75,1,3,39.48959756847602,0,2,18.931088672254514,female,S,D4
76,0,2,1.0,0,0,18.348966066019237,male,C,nan
77,0,1,44.68989943511404,0,0,3.331517633815754,male,S,nan
78,0,3,,0,1,9.243570325636334,male,S,nan
79,1,1,34.51393465512555,1,1,3.504547910241002,male,C,nan
80,1,2,33.27690566935579,1,0,56.40585775122782,male,S,nan
81,1,3,45.42650267622575,1,1,21.191045708444303,male,S,B2
82,0,3,37.688403522956335,0,0,2.7542950441529195,male,S,B2
83,0,3,1.0,1,0,55.49480949488137,male,S,nan
84,1,2,18.320700916238124,0,1,2.092732568885646,male,S,B2
85,1,3,31.70397437562256,0,0,7.965355519568443,female,S,D4
86,1,3,26.87279165126309,0,0,58.450331845956946,female,S,nan
87,0,2,36.62535558147317,0,2,30.2923127014357,female,Q,nan
88,0,3,41.145815057210726,0,1,24.371585217965357,male,S,nan
89,1,1,38.52255017823035,0,1,64.94103238108576,male,S,nan
90,1,1,,0,0,5.796881094311319,male,S,nan
91,0,3,,0,3,10.786472267700535,male,C,D4
92,1,1,23.09552189160515,0,0,15.97548088877813,male,S,nan
93,1,1,35.73733814801485,0,0,58.237885852452656,female,S,nan
94,0,3,13.888514838018075,2,0,4.30754381846817,male,S,nan
95,1,3,38.853483586762856,0,1,50.29964420131536,female,C,nan
96,0,3,,0,2,0.9144218967179857,male,S,nan
97,0,3,,0,0,9.38530328487384,male,S,nan
98,1,3,1.0,1,0,8.172829038177946,male,S,nan
99,1,1,11.16771874067885,0,0,19.844037017305983,female,S,nan
100,0,2,57.04974279906318,2,0,17.951231766033864,male,S,nan
101,1,2,21.775202001088516,0,0,126.7682323676735,male,S,nan
102,0,1,1.0,0,0,15.538962195269828,male,S,nan
103,1,3,47.611087130498944,0,0,31.93752558735007,male,C,nan
104,0,2,29.893656077383255,0,1,1.115527468918826,female,Q,nan
105,1,3,,1,0,46.25213466096935,female,S,nan
106,1,1,,1,1,17.532758927373074,female,S,B2
107,1,1,,0,0,14.943505123826963,female,S,nan
108,1,3,,3,0,4.681380905241893,female,S,B2
109,0,1,39.8135805228545,0,0,90.6277571241084,male,S,C3
110,1,1,62.72274150406342,0,0,31.583841726606412,male,S,nan
111,0,2,43.77959187140823,0,0,10.007168270591448,male,C,nan
112,1,3,6.785079891239743,0,0,1.0280515926716705,male,S,nan
113,1,3,36.1765919715441,1,0,56.71261384094247,male,C,B2
114,0,3,46.25147113749666,0,0,30.712101192062594,male,S,nan
115,1,1,47.13916169477412,0,0,17.040557674050216,female,S,nan
116,1,2,23.514227745643055,0,0,9.897199091575523,female,S,nan
117,0,3,46.59169445522785,0,0,41.37502111869755,male,S,nan
118,0,3,43.15226479349248,0,0,47.93804226066765,female,S,nan
119,0,3,,1,0,16.686585620287754,male,S,nan
120,0,3,18.824974824396584,0,0,26.225495374267016,male,S,nan
121,0,3,22.342691642193834,0,0,106.03599371515914,male,S,C3
122,1,1,25.261273797330666,0,0,142.40778069844774,male,S,nan
123,1,2,22.591778824437757,0,2,65.2997954968748,male,S,nan
124,0,3,16.794699128427755,0,0,21.11715807716951,male,S,nan
125,1,2,1.0,1,0,3.828924489409219,male,Q,D4
126,1,3,,2,0,55.96271729883037,male,S,nan
127,0,3,35.05569186564861,0,0,1.1203010168606198,female,S,C3
128,1,3,22.548283240164295,2,0,12.097385233821525,male,S,nan
129,1,3,57.76302716117209,0,1,1.2974943015932061,male,S,A1
130,1,3,29.893949284380007,0,0,35.408182571299676,male,S,nan
131,1,3,48.41992130016996,1,0,14.107579210009732,male,S,nan
132,1,3,33.49059598458454,1,0,25.426201652923336,male,S,nan
133,0,3,,1,0,18.96948631866165,male,S,A1
134,1,2,33.749002532036656,0,0,26.622741998417954,male,S,D4
135,1,3,,0,0,3.9936132385702994,male,Q,nan
136,0,3,,0,0,3.266146132434651,female,Q,nan
137,1,1,36.893750267287395,0,2,37.318001654827256,male,S,nan
138,0,2,35.01182753792563,0,0,17.72629338073859,male,S,nan
139,0,3,25.519860857153876,0,3,18.27856924008483,male,S,nan
140,0,3,35.57224362440781,0,0,2.3141692810096925,male,nan,nan
141,1,1,62.09860056986639,0,1,29.613768904065097,male,S,nan
142,0,2,25.779244339616092,0,0,26.156672115825824,male,S,nan
143,0,1,35.7822409463721,0,0,0.8370685725086688,male,S,D4
144,0,1,47.93779478760692,0,3,3.197829566493849,female,S,nan
145,1,3,,0,0,24.64876475375117,male,S,nan
146,1,2,29.869888056930794,0,2,2.3222065218292625,male,Q,nan
147,0,2,1.0,0,0,9.544576504105478,female,Q,nan
148,0,3,37.19219087040276,0,0,4.399278886422247,male,S,nan
149,1,1,,1,0,21.63519822607777,female,S,nan
150,0,2,51.01408984864785,0,0,22.62394228095923,female,S,nan
151,1,3,32.15737113230228,0,2,27.521816660957477,female,S,nan
152,0,3,44.19527328814384,0,1,43.040041491502414,male,S,nan
153,1,3,16.619388496374757,2,0,15.439729239964187,male,C,nan
154,0,3,,1,0,1.3103509508022066,male,S,nan
155,0,3,33.48093857004692,0,0,62.52625262023366,male,S,nan
156,1,3,29.212750120635942,0,0,27.395560690361876,male,Q,nan
157,0,3,22.572658020721097,0,0,15.250189764035273,male,S,nan
158,1,3,30.927588570625073,2,0,27.24185673299956,male,S,nan
159,1,3,69.82782043446777,0,0,8.062907101285903,male,C,nan
160,1,3,41.80062043685133,0,1,13.686005939080715,male,C,D4
161,1,3,44.917729785018125,4,0,38.37518526711847,male,S,nan
162,1,1,41.93708492752366,1,0,32.19887201645398,female,C,nan
163,0,3,51.152201085856795,0,0,90.5696668845999,male,S,nan
164,0,2,26.943960742939197,0,1,11.03527114936211,male,S,nan
165,0,3,1.0,0,0,27.184041824197756,female,S,nan
166,1,3,26.965501071412856,0,0,22.026467068003303,male,C,nan
167,0,3,41.470167794949276,0,0,1.5621937791550857,male,C,nan
168,0,3,15.637894270831431,2,1,9.267964076914822,female,S,nan
169,0,2,27.14269371790471,2,0,95.30559856697711,male,S,nan
170,0,3,19.66933872646646,0,0,16.342143298679254,male,C,nan
171,0,3,51.47942415172539,0,0,3.400919139673872,female,S,nan
172,0,2,40.56712672339518,0,0,20.437212257160258,female,S,nan
173,1,1,39.14733899933741,0,0,43.055294959318665,female,C,nan
174,1,1,,1,0,64.58301710451852,female,S,nan
175,1,3,,0,0,33.41190459639723,male,S,nan
176,0,3,32.564566096648804,0,0,10.404669564584909,female,S,A1
177,1,3,12.514823582281394,0,0,35.96077871672644,male,S,C3
178,0,3,1.0,0,0,32.674243107345404,female,C,D4
179,1,3,31.876176390002847,0,0,81.88858951104278,female,S,nan
180,1,2,,1,0,32.21654653093354,female,S,nan
181,1,3,47.23433624216797,1,0,21.701923485098384,female,S,A1
182,0,1,,0,0,6.353101996078853,male,S,nan
183,0,3,,1,0,24.408899144510034,female,S,nan
184,1,3,15.22865789723877,0,0,9.829450378470602,male,S,nan
185,0,3,24.592156993228343,1,2,4.433004790098837,male,S,C3
186,0,3,36.66484729028,0,0,74.11387858817149,female,S,nan
187,0,1,66.41261782726157,0,0,14.666995266361447,female,S,nan
188,0,2,51.16143845385179,2,0,51.753185799759855,male,S,nan
189,0,1,,0,0,48.12859710301884,male,S,nan
190,0,1,24.077074644535287,0,0,14.659989073216526,male,S,nan
191,1,3,16.893605348250695,0,0,12.693392949549809,male,S,nan
192,1,3,,0,1,37.588988610360175,male,S,nan
193,1,3,13.740411668601778,0,0,0.6558067565130486,female,S,nan
194,0,3,26.24267291078561,0,0,41.39649880636475,male,S,nan
195,1,3,,1,0,8.892470333093478,female,S,nan
196,0,3,52.797225292280714,0,0,6.421935889637566,male,C,nan
197,0,1,24.556889107084675,0,2,7.808497468372109,female,S,nan
198,0,1,,0,0,58.99416293082729,male,S,B2
199,0,3,37.01444739110579,1,0,70.72705122939355,female,S,nan
200,1,3,19.56418312999307,0,1,14.676415869306968,male,S,nan
201,0,1,30.31814985434733,0,0,33.776127976014685,female,S,D4
202,1,3,28.442781837789205,0,0,175.63148497854078,female,S,nan
203,0,3,25.73129206064236,0,0,5.652893557287701,male,S,D4
204,1,1,41.1599384358782,1,1,24.89349237444324,male,C,nan
205,0,2,7.4734592638857436,0,0,6.807274338724447,male,S,nan
206,0,3,22.203293738161776,1,0,86.58981079766544,female,C,nan
207,1,3,,0,1,2.084980404855706,male,C,nan
208,1,1,20.79577075750666,0,1,1.9030975409174062,male,S,nan
209,0,3,6.372302715585409,0,0,15.798399491052969,male,Q,nan
210,1,2,39.39405247722267,0,0,3.377277808173552,male,Q,nan
211,0,3,45.98487214140232,0,0,11.70915316196186,female,S,nan
212,1,2,29.047569489176407,0,0,50.96579367421876,female,S,nan
213,1,3,1.2677388221917774,0,1,13.08813702500572,female,S,nan
214,0,2,,0,0,0.9677472386170063,female,S,nan
215,1,2,5.631625719414522,0,0,107.76392830348868,female,S,A1
216,0,3,34.177589514298404,0,1,4.520118585049,male,S,nan
217,0,1,16.83177454123868,0,0,23.848695240233955,female,S,D4
218,0,1,12.882330356379004,0,0,23.979366150400217,male,C,nan
219,0,2,23.292304752344492,0,0,14.089691707514996,male,S,nan
220,1,3,27.042185431804732,0,0,0.31762367734247926,female,S,nan
221,0,3,20.358980369396498,0,1,18.55424640868819,male,S,C3
222,0,3,38.23619753411968,0,0,9.51911066010249,male,C,nan
223,1,2,23.23199401234691,0,0,35.19615450485241,male,S,B2
224,0,2,43.912767639241416,1,0,1.6045190105747582,male,S,D4
225,1,1,33.77701090183045,0,2,42.06444446969575,female,S,nan
226,0,3,19.585420504353532,0,0,33.68692724471051,male,S,nan
227,1,3,17.143871684431854,0,2,34.36569505761835,male,C,nan
228,1,3,5.81130366381214,1,1,34.49804314089945,male,S,nan
229,1,3,33.91563107906892,0,0,85.96764853618201,male,S,nan
230,0,2,,1,1,3.577842764965933,male,S,C3
231,0,3,,0,0,2.4791039896537366,male,C,nan
232,1,3,21.932134344843696,0,0,2.384549462869771,male,C,nan
233,0,1,16.635006575803196,0,0,22.85416619831514,male,S,nan
234,1,2,52.54732508647457,0,1,3.4677824078508332,male,C,nan
235,0,1,5.0097101275470095,2,1,23.44219019620045,male,S,D4
236,1,1,8.800413403856219,0,0,25.517003133536917,female,C,nan
237,1,1,45.79455982503265,2,3,3.5135954926028377,male,C,B2
238,0,3,,0,0,51.05535255123743,male,S,nan
239,0,3,18.897747388478198,1,1,13.42864521163499,female,S,nan
240,1,2,20.534755569270793,2,1,35.45346383639441,male,S,nan
241,0,2,38.635413250023035,0,0,35.92357912542501,male,nan,nan
242,1,3,1.0,0,0,5.625326346152855,female,S,nan
243,0,3,2.712691574669435,1,0,71.13394357696717,male,S,C3
244,1,3,25.629365687664677,0,1,9.778962437987243,female,S,D4
245,1,2,52.173413208872326,2,0,102.67103506035843,female,S,nan
246,0,3,23.381913721582276,0,0,2.9843946545710343,female,S,nan
247,1,1,31.16358348015974,0,0,0.46972142491073227,female,S,A1
248,0,2,46.13994445217817,0,0,6.062780162732898,male,S,A1
249,1,3,60.249828632533124,1,0,19.307149489969586,female,S,nan
250,0,3,21.335697139349467,3,0,23.777362044135405,male,C,nan
251,0,3,29.45586750586532,0,2,33.20199480560667,male,Q,B2
252,0,3,56.119800709471214,1,0,28.251118421700934,male,S,nan
253,0,3,,2,2,12.049724265117273,male,S,nan
254,0,2,,0,0,39.20364097001739,male,S,nan
255,1,2,,0,3,2.188514322574538,male,Q,nan
256,0,2,31.18584932299577,1,0,1.0614124748607394,male,S,B2
257,1,1,26.182023812696023,0,0,4.284568850883054,male,C,nan
258,0,3,15.808831789832174,0,0,4.385510448359727,female,S,nan
259,0,2,15.44502204895501,1,0,15.488256820302556,male,S,D4
260,1,3,,0,0,29.26568313371885,female,S,B2
261,1,3,,1,1,121.0872562695518,female,C,B2
262,0,3,27.8188250537667,1,0,8.24962907651245,female,C,D4
263,0,2,30.716640801631637,1,0,28.835742907850946,male,S,nan
264,1,3,37.98202396122018,0,0,4.962840978706645,female,S,B2
265,1,3,,0,0,1.6966620563488946,female,S,A1
266,1,3,40.42554137198738,0,0,0.9454810369216355,female,Q,nan
267,0,3,41.58047490736633,0,0,41.343594376407516,female,S,nan
268,0,3,67.45258133188095,0,0,125.83016418995075,male,C,nan
269,1,3,24.246489236886056,0,3,86.4326302312713,male,S,nan
270,1,1,23.057813875812148,0,0,18.2696356624231,female,S,nan
271,0,3,40.85000513781931,0,0,1.456411225829717,male,S,nan
272,0,1,41.57701044922601,0,0,5.860387599804613,female,S,nan
273,0,3,21.941236276037674,0,0,50.798502751819306,male,C,nan
274,1,3,23.85414118451429,0,0,7.9188560253521265,male,C,nan
275,0,3,37.54639715416158,1,2,28.026847382489066,male,C,D4
276,0,2,17.70002850934741,0,0,11.552847265683889,male,S,nan
277,0,1,23.747257173782284,1,0,22.77420218400552,female,C,nan
278,1,3,30.999095126842303,1,1,52.09838319607555,male,S,nan
279,0,1,44.141110929922746,0,0,18.578907206045603,female,S,D4
280,0,1,,0,1,156.3583673784534,male,S,C3
281,0,2,2.9854253005552565,0,0,14.74330100690224,female,S,nan
282,0,1,1.9093367209859409,0,0,14.210460527794403,male,S,nan
283,1,3,,0,2,21.330297987502455,male,S,nan
284,0,3,10.659068086100909,0,1,1.8986361920077615,male,S,nan
285,0,2,27.45814400001132,1,1,52.25228227800394,male,S,nan
286,1,1,12.461237772834725,2,0,15.25673818481214,female,S,nan
287,0,1,,1,1,38.125182152547566,female,S,nan
288,1,2,18.475754667760278,0,0,24.57686984720142,male,C,nan
289,1,1,23.312636017704094,0,0,28.15037581894707,male,S,nan
290,0,3,48.87631280708527,3,0,31.491881863506094,male,S,nan
291,1,1,,0,0,9.239241450556234,male,C,nan
292,0,2,,0,0,51.16578636095902,male,C,nan
293,1,2,23.015118931577845,0,0,0.023649276850894626,male,C,nan
294,0,2,23.418126478966194,0,0,2.3990142314299856,male,C,nan
295,1,1,34.45232381430327,0,1,42.55071808040554,female,Q,A1
296,1,1,38.17045156360821,0,2,87.36479915431718,male,S,nan
297,1,3,16.539546161541296,0,0,9.212460993297464,male,Q,nan
298,0,1,30.228970956406357,0,2,4.930910507221897,male,Q,nan
299,0,3,1.0,0,0,21.168409412070805,male,S,nan
300,0,3,32.76984987047366,0,0,4.666697879256646,male,C,A1
301,0,2,40.75116400840095,0,1,0.8212502122273685,male,C,A1
302,1,2,25.639004910227307,1,0,21.604507190083364,male,C,nan
303,0,3,56.03964144403153,0,0,3.4259005273171863,female,nan,B2
304,1,3,16.92204251217727,0,0,29.94604867429059,female,S,nan
305,1,2,,1,0,14.580370530781877,female,S,B2
306,0,2,29.180541173343645,0,1,84.67484544194083,female,S,C3
307,0,2,28.24568382207058,1,0,26.429353024382074,male,C,nan
308,1,3,,1,0,39.34026484250077,male,C,nan
309,0,3,31.253022935137338,0,0,20.10739258307093,male,C,nan
310,0,1,41.995401780223645,0,0,33.3422845304873,female,C,nan
311,1,2,49.67717542598379,0,0,53.02311827157565,female,Q,A1
312,1,3,29.667371454689718,4,2,21.63700620297518,male,S,nan
313,0,1,41.52208304648868,1,1,21.5393216555188,male,Q,nan
314,0,3,19.52437927913165,2,1,5.624808570088586,male,S,C3
315,0,3,40.80635406453038,1,0,0.8280606343086881,male,S,nan
316,1,1,18.65112290450864,0,1,10.284879980411016,female,S,nan
317,1,1,,1,0,23.40777928590819,male,S,nan
318,1,1,61.75429272220197,0,0,46.5450878112287,male,S,B2
319,1,3,27.929783624414817,1,0,21.541164306769428,male,S,nan
320,1,1,1.0,0,0,89.2927369630055,male,S,nan
321,0,1,21.752942467950067,0,2,31.303038175437887,male,C,nan
322,0,1,47.562189447194896,1,0,56.464535395180455,female,S,D4
323,1,1,,1,2,180.59398467321483,male,S,nan
324,1,3,,0,0,75.20552274988553,male,S,nan
325,1,2,44.32569116134516,0,0,95.56707308214293,male,S,D4
326,0,3,36.72457486910212,0,0,17.079210598347387,male,S,nan
327,0,3,47.357015218041475,2,0,5.605731961310402,male,S,nan
328,0,3,43.03164331138129,0,0,13.854339754695012,male,C,nan
329,0,1,51.76465656468591,0,0,2.7164615583293443,male,S,nan
330,1,3,34.90254321664069,0,2,3.935356384833788,male,C,nan
331,1,3,42.826261321662344,0,0,0.7204682940286302,female,S,nan
332,0,1,,0,0,0.04693383513260873,female,C,nan
333,0,3,20.978818232394413,0,0,74.12702714003642,female,Q,nan
334,1,3,54.44813078607511,1,0,111.49143552605551,male,S,nan
335,0,2,32.834967806678975,1,0,35.82165293850676,female,S,nan
336,1,3,41.370768205004495,2,0,27.564367283388936,female,S,nan
337,1,3,,0,0,21.6516820187852,male,S,B2
338,0,3,21.195523061660516,0,0,116.5197189658515,male,S,D4
339,0,3,29.859251942444818,1,0,12.42734228337103,male,S,nan
340,1,2,50.52191325763185,1,0,48.68641389922387,female,C,B2
341,1,3,37.75098107705165,0,0,8.766543585874729,male,Q,B2
342,0,2,4.883639183908343,1,0,8.959999365100057,male,S,nan
343,1,3,26.578955379645755,1,0,39.333252861648646,female,S,B2
344,1,3,55.543259994218324,0,0,46.37351684333171,male,S,D4
345,1,1,26.599945503175636,1,2,3.9489274968866566,female,S,nan
346,0,2,3.593058969854379,0,0,34.29583668705682,female,C,nan
347,1,2,57.149208838626876,0,0,32.31243022302185,female,S,nan
348,1,1,,0,0,6.934146802801218,female,nan,nan
349,0,1,28.684813547214393,0,0,81.936994355543,male,S,nan
350,0,2,24.314442826810005,1,0,21.7258595427817,male,S,nan
351,1,1,45.39410298198016,0,1,13.506262552972014,female,S,nan
352,0,1,21.841240696720206,0,2,13.200021542079472,female,S,nan
353,0,3,46.34971815548183,1,0,13.684128603224819,male,S,B2
354,0,3,37.56183164300171,1,0,1.6008116228069085,male,S,nan
355,1,3,33.24788791956657,1,0,44.699208128259144,male,C,nan
356,1,2,31.809964677366132,0,0,94.74840735586072,male,S,nan
357,0,3,27.162963467644417,1,0,68.80574135706973,male,C,nan
358,1,3,44.861781743034356,0,1,14.754243195343907,female,S,nan
359,0,1,17.152528934523403,0,0,40.39152224408081,female,S,nan
360,1,1,,0,0,13.15210199665841,female,C,nan
361,1,3,38.60938178194088,0,0,5.100874182419277,male,S,nan
362,1,1,38.85295575697364,1,0,14.60940396152972,male,S,nan
363,0,3,36.66349671142061,0,0,14.978908466644452,male,S,nan
364,1,3,35.61206135946156,0,0,6.282699335963961,male,C,nan
365,0,1,25.052164514105556,1,0,16.07264850530318,male,Q,nan
366,1,1,41.11849921359011,1,1,19.193183918654928,male,S,nan
367,0,3,29.039407162059156,0,1,9.441901047371301,male,S,A1
368,0,3,22.636853368179917,2,0,1.7523093418379956,male,S,nan
369,0,1,25.1775759722967,1,0,8.07457928778153,male,S,nan
370,1,3,,3,0,65.70777907563857,male,S,nan
371,0,3,4.542846810341224,3,0,26.092312222498627,male,S,nan
372,1,3,36.94692751228908,2,0,12.081309459872559,male,C,D4
373,0,3,5.352898799456099,1,2,9.492687480971759,male,S,nan
374,0,2,28.130616594316887,0,0,32.64272074993654,male,C,nan
375,1,1,23.412401465264278,0,1,6.417425714815175,male,S,nan
376,0,3,1.0,0,0,7.8072810990595345,female,C,nan
377,1,2,35.34104506128956,1,0,56.465862855635336,male,S,nan
378,1,3,24.18944809821316,0,0,18.26811509772027,female,S,nan
379,0,3,1.0,1,0,5.41153825112453,male,S,nan
380,0,1,41.87373731622665,0,0,0.8680205864083321,female,S,nan
381,0,3,50.50758958083956,0,0,107.60695804153508,female,S,nan
382,1,1,51.30680296330029,0,1,0.06605657721208101,male,S,A1
383,1,3,34.90486838944633,0,0,23.144865901889503,female,S,nan
384,0,2,,0,0,32.48268409962187,male,S,nan
385,0,3,48.95827100298905,0,0,24.846572437000155,female,C,nan
386,0,3,54.094561987431426,1,0,15.037205213197153,male,C,nan
387,0,2,46.13674619169656,0,0,58.99412651789495,male,S,nan
388,1,3,16.04770476766788,0,0,65.57091383584421,female,Q,nan
389,1,3,,0,0,15.797762430334034,female,nan,nan
390,0,3,36.07298409222572,0,0,21.784162486474077,male,S,nan
391,1,3,3.4605539507001772,0,0,22.027902781365743,female,C,nan
392,0,3,,1,0,34.13353192019524,male,S,nan
393,0,2,62.65838147670114,1,0,6.720782108637974,male,S,nan
394,1,3,38.97907440411147,0,0,2.0059452774308215,female,S,nan
395,1,1,,0,0,16.54043291368068,male,S,nan
396,1,3,32.35226358686622,0,0,3.370359769972569,male,S,nan
397,0,3,28.638334302234586,0,0,19.273250181372692,female,S,nan
398,0,2,35.22843515617414,1,2,48.190062578366195,male,S,A1
399,0,1,17.870513604225728,0,1,18.588870955116313,male,S,nan
400,0,3,15.725259785101365,1,0,23.011102411157786,male,S,nan
401,1,2,48.0614160789558,0,0,27.288033727292976,female,S,nan
402,1,3,49.598963971564515,0,0,40.84217514151478,male,C,nan
403,0,1,15.32895842398342,0,1,25.43989515507248,male,C,nan
404,1,3,43.735982666031035,0,0,16.65485692131565,female,S,nan
405,0,1,28.439080353712697,4,0,15.992609829952249,male,C,nan
406,1,1,,0,0,6.210826058974729,male,S,nan
407,0,3,36.37317027180842,1,0,16.40678347041397,female,S,A1
408,0,3,44.118081787802616,1,0,42.634271486046366,female,S,nan
409,1,1,30.899413927016237,0,1,14.995829744865134,male,nan,nan
410,0,3,50.14734893187807,0,2,13.071458994970254,female,C,nan
411,0,3,34.18648617651891,0,0,23.846642062121806,female,Q,nan
412,0,3,38.750671950808226,0,0,5.327782268514551,male,S,D4
413,0,2,17.617692422709926,1,0,2.666051232299275,female,S,D4
414,0,3,61.0005556552201,0,0,37.42515476093684,female,S,C3
415,0,3,36.51246138647201,2,0,9.829500780073996,male,S,nan
416,1,3,40.038462667503936,0,0,8.744640362277668,male,S,nan
417,1,3,6.381305737432648,0,1,59.34312563838303,female,Q,nan
418,0,3,17.770820665353035,1,2,69.55340913181004,female,C,nan
419,0,1,47.6493134748216,0,0,20.207083947344458,male,Q,A1
420,1,3,,1,0,28.578148652867494,female,S,nan
421,1,3,1.9501938449805714,0,0,97.30092788610082,female,S,nan
422,1,3,44.75520397026538,3,0,14.669497903485325,female,S,nan
423,1,1,21.81514933688551,1,0,56.918060330066254,female,Q,D4
424,1,1,50.164096295212325,1,0,37.918635626904155,male,S,nan
425,0,3,,0,0,86.27812388787598,male,S,nan
426,0,1,32.66824694729768,1,1,7.375385032847203,male,S,nan
427,1,3,,0,0,47.07574937767908,male,C,D4
428,1,2,,1,0,4.950802462046595,male,C,nan
429,0,3,,0,0,46.94620178094691,female,S,nan
430,1,3,26.850772904227444,0,2,11.098579195812661,female,S,nan
431,0,2,,0,0,1.650884971156476,male,C,B2
432,1,2,,0,0,50.4768575783395,female,S,B2
433,1,3,5.513498301608099,0,0,1.5206987392009481,male,S,nan
434,0,3,41.643953442134986,1,0,53.45159601983523,male,S,nan
435,0,2,20.956814467778443,0,3,6.124893536174163,male,S,nan
436,0,3,24.012722812655895,1,0,23.802158126193923,male,S,nan
437,1,3,2.776249171867594,0,2,0.941583504778562,male,Q,nan
438,1,3,19.85479994189626,1,0,2.23376157158101,female,S,nan
439,0,1,29.590274198848316,1,0,8.43310757009918,male,S,C3
440,0,2,43.190478935531935,0,0,12.83259541521319,male,S,nan
441,1,2,18.51716258959774,1,0,5.519740226672149,male,S,nan
442,0,1,53.7319537433712,2,0,3.4221692848251597,male,S,nan
443,0,1,19.77393764939289,1,0,4.386511319555617,female,S,nan
444,0,3,,0,0,19.09975025487792,female,S,nan
445,1,2,51.991684502518126,0,1,1.7059248370730948,male,S,nan
446,1,3,32.766172209276796,1,2,69.03811269245796,male,S,nan
447,0,2,,0,0,70.68980819787494,male,S,nan
448,1,1,27.450569597881394,1,0,1.8846357885262544,female,S,nan
449,1,3,49.31956687435986,0,1,35.247176267321045,male,S,nan
450,0,3,50.95994088457239,1,0,32.85930450772787,male,S,nan
451,1,2,17.856498900581286,0,1,23.091455646622315,male,nan,nan
452,1,1,29.08470975385293,0,0,8.166858109004618,male,Q,nan
453,0,1,,4,1,23.189248971460668,male,S,nan
454,0,3,15.399518397509334,1,0,54.743099399365576,male,C,nan
455,1,3,28.89256673657508,1,0,9.805141224980748,female,S,nan
456,1,2,29.777181476549657,2,0,44.707313299553824,male,C,C3
457,0,1,46.23303744458266,0,0,17.74606954808742,male,S,nan
458,1,3,47.20766291051241,0,1,63.361985883882305,male,S,nan
459,1,3,24.926463723794384,0,3,27.311857847343127,male,S,nan
460,0,3,26.59767941401823,0,0,49.63094171984674,female,S,A1
461,1,3,39.33223837980672,0,0,86.31607807636628,female,Q,nan
462,0,1,21.21476749055833,2,0,16.148616053698362,male,S,C3
463,1,2,38.23528220019234,0,0,32.156844324088894,female,S,nan
464,0,2,28.425355933146385,0,0,100.99461233488768,female,S,A1
465,0,3,15.64372062279,0,1,158.71419971304363,female,S,nan
466,1,3,,0,1,23.61590879594025,male,S,nan
467,0,3,50.68235109245098,0,0,81.73554914727103,male,C,nan
468,1,3,27.43188855242217,0,0,13.033333926064504,male,S,nan
469,0,3,53.48513436152551,0,0,14.672571739064393,female,C,B2
470,1,3,,0,0,79.01978236144365,male,S,B2
471,1,1,33.922475416406655,1,0,28.393363137926418,male,Q,nan
472,1,1,64.3938124837645,0,0,51.017910737474594,male,S,nan
473,0,2,,1,0,13.207770333293377,male,S,nan
474,0,3,2.181689751453238,0,0,46.838473227370216,male,C,nan
475,1,1,48.355556903664876,0,0,54.8975566454845,male,S,nan
476,1,3,17.71126797180043,0,0,14.114642060631182,male,S,nan
477,1,3,29.39975772045961,2,0,20.59245617020639,female,S,nan
478,0,3,21.204185948452018,0,0,11.657453743769278,female,S,A1
479,1,1,33.588360323852086,0,1,62.43744814813381,male,Q,nan
480,0,2,15.917224995806738,0,0,34.4825552014408,female,C,A1
481,0,1,27.09086872569206,1,0,5.215827114848902,male,S,nan
482,1,3,36.22232223506975,0,0,89.1825358320312,female,Q,B2
483,0,3,15.0795211490232,0,0,30.425809980469783,female,S,nan
484,1,3,19.548781570134608,1,0,14.329398049570353,male,C,nan
485,0,2,24.66294891282129,0,1,28.29162644718855,male,S,nan
486,0,2,8.982176203718964,0,0,6.939756516210845,male,S,A1
487,0,2,23.572865749418177,0,0,10.85702284145248,male,S,nan
488,1,3,31.422549828592075,0,0,55.97303058644747,male,S,D4
489,1,3,,2,1,10.72961521884875,male,S,nan
490,1,1,25.765040852489992,0,1,112.48076557954441,female,S,D4
491,1,3,29.41142577185451,0,0,7.771272637700237,male,S,nan
492,1,1,20.191719794731448,0,0,64.3741255451703,male,S,C3
493,1,3,39.72040720506972,0,0,65.41465826539088,male,S,nan
494,1,1,50.521682809625744,1,0,36.724011872707536,male,S,nan
495,0,2,22.966484313165996,0,0,7.422972853687975,female,S,nan
496,0,3,36.73537435642675,1,0,13.577639864628617,male,C,nan
497,0,1,,0,1,21.430980230133347,male,S,nan
498,0,2,34.99956650305832,0,0,43.815784104110115,male,Q,nan
499,1,2,,0,0,115.63891444770046,male,C,nan
500,0,2,,1,0,33.08103022149434,male,S,A1
501,0,3,3.9854891872596276,0,0,34.82822777749251,female,S,nan
502,1,3,36.282936655980905,0,0,44.953950400869076,male,S,C3
503,1,3,47.57652427798064,1,0,17.741645203724904,male,C,nan
504,1,2,,0,1,7.418864821034229,male,S,nan
505,0,3,44.13670468870857,0,0,68.46590617147304,female,Q,D4
506,0,2,,0,0,121.09130647694356,male,C,nan
507,1,2,8.159682186927029,1,0,50.24250722975952,male,S,nan
508,0,1,,0,0,9.602766768033678,female,C,nan
509,0,3,4.231087549178444,0,3,30.089175310586544,female,S,nan
510,0,3,26.22332031304292,0,0,34.35401984378807,male,C,nan
511,1,3,48.35921280835979,0,0,16.31158120961003,female,C,nan
512,1,3,2.0084378666789284,0,0,32.938730637167566,female,S,A1
513,1,3,11.14729645924848,0,3,106.08511315816769,male,S,nan
514,1,3,14.735532445157125,0,0,20.51534665833547,female,S,nan
515,1,3,28.78186203419108,0,0,22.586041379972816,male,Q,nan
516,0,2,24.397106608129967,1,0,34.80808353334264,male,S,nan
517,1,1,49.98747753459327,0,0,21.233210513192926,male,C,nan
518,0,1,43.53805077182961,0,0,55.91481930859856,female,S,C3
519,0,3,36.88145771799467,1,0,16.28908320709627,male,S,nan
520,1,3,31.81163955798633,1,0,30.909358064257912,male,C,nan
521,0,3,35.40183176628,0,0,47.12027569721779,male,S,D4
522,0,1,17.201255847956062,0,0,8.16154509602768,male,S,nan
523,0,3,42.12955012657088,0,1,22.447502969419524,female,S,nan
524,1,1,13.575358311791582,0,0,19.807793900347235,female,S,nan
525,0,2,41.812966411582345,0,0,17.91434298534381,male,S,nan
526,0,1,46.89906628072305,0,0,15.308710873704198,female,S,nan
527,1,1,32.757536730277266,0,3,5.944499379719044,female,S,C3
528,0,3,27.14491064505135,0,0,37.54077563891171,male,S,nan
529,1,2,35.50449367049026,0,0,3.4792017098162984,male,S,nan
530,1,3,1.0,0,1,67.60902343236305,male,S,nan
531,1,3,34.082744168039184,0,0,13.00343236599913,male,S,nan
532,0,2,28.056367031322797,1,0,11.060942932761643,male,Q,nan
533,0,3,28.965892360673628,1,0,12.461463399307023,male,S,C3
534,0,1,39.9447214370185,0,0,76.7575476386645,female,S,nan
535,1,3,28.615850637311446,0,0,13.373611654649418,male,S,B2
536,0,3,13.167000578558206,0,0,25.5777079326511,female,Q,nan
537,0,3,27.649661273032017,0,0,3.8951567307076664,female,C,nan
538,0,3,30.679554519171955,1,1,58.5460481454044,male,C,nan
539,1,1,31.366541717924683,0,0,69.33179558976876,male,Q,D4
540,0,3,32.04783082563348,0,0,1.2491400142206208,female,S,nan
541,1,2,44.77085115131902,0,1,11.684413373688065,female,Q,nan
542,0,1,13.95249898100486,0,0,5.975145961387375,male,S,nan
543,0,2,32.24765661439032,0,1,121.46508640005456,female,C,nan
544,0,3,48.403980629964494,0,0,7.956742121248636,male,C,B2
545,1,3,4.548133294410668,2,0,43.626844106461,female,Q,C3
546,0,3,32.304876871310775,0,0,50.19982537704053,female,S,nan
547,0,3,21.21201172139087,0,0,85.13104543440237,male,C,nan
548,1,1,24.324699425139976,0,1,14.738558786605159,male,S,nan
549,1,3,16.58029120339088,0,1,3.979492196958568,male,S,nan
550,1,2,,0,3,2.6811658199353836,female,S,nan
551,1,3,,0,0,29.670675839652855,female,S,nan
552,0,1,11.365759762930402,1,1,38.24285673522424,female,S,nan
553,1,3,12.740654964057,0,0,16.328084149999047,male,S,nan
554,0,2,10.821948732629185,0,2,32.344876836989705,male,S,nan
555,1,1,54.74756515610746,0,0,25.313472962538707,male,S,nan
556,1,3,22.99607426994134,0,1,18.380515194806033,male,S,B2
557,1,1,,0,0,,male,S,nan
558,1,1,23.859647353959524,1,0,3.9449032351397597,female,C,nan
559,1,3,,0,0,6.254072099877696,male,S,nan
560,1,2,26.290315624090685,0,0,38.886964387760244,male,C,nan
561,1,3,65.34453228318011,1,0,133.1658556405611,female,S,nan
562,0,2,,0,2,33.44869003276865,female,S,nan
563,0,3,,0,0,18.36890503686901,male,S,nan
564,0,3,39.08982449439444,0,0,47.159423000687205,female,S,nan
565,1,3,,0,0,138.60107551079014,male,S,D4
566,0,3,3.9426692367297953,0,0,12.721513214209429,male,S,nan
567,0,3,,1,0,12.768269619882386,female,S,nan
568,0,3,46.521346276331485,1,2,0.18756415143952887,female,S,nan
569,1,2,44.86775764019454,1,3,15.228628396586554,male,S,nan
570,1,1,22.886953886316196,4,0,3.2512469571470004,male,S,D4
571,1,3,,1,0,76.17159692737104,male,C,nan
572,0,3,40.57160052804279,1,0,98.3384993906896,male,S,nan
573,0,1,35.376692541547555,1,1,4.821818187739764,female,S,nan
574,0,2,,1,0,134.5630758854354,male,S,nan
575,0,3,,1,0,23.676908273954332,male,S,C3
576,0,3,31.351190315059178,2,2,0.6584184807970503,male,S,nan
577,1,3,45.34563976892364,0,1,87.5900419431581,male,S,nan
578,1,3,,0,0,15.420819582237987,male,S,A1
579,1,3,38.96201103430167,0,0,58.20829568879078,male,S,D4
580,0,2,34.50735457943854,1,0,14.773724513460055,male,S,C3
581,0,3,40.57714981686884,0,0,8.67260428473322,male,S,nan
582,1,2,42.3436447459256,1,0,27.05399449214486,female,S,nan
583,0,3,19.63025399208238,1,0,5.39973195703257,female,Q,nan
584,0,2,6.254088697608282,2,0,47.284336583926084,male,S,nan
585,0,3,21.96396687759825,0,0,56.264648501430884,male,S,nan
586,1,3,42.592346104141605,1,0,8.003689810894231,male,S,nan
587,1,3,21.84094339887342,1,0,44.347700438381914,male,S,nan
588,0,3,19.63637180406419,2,2,39.108635939957836,male,C,nan
589,1,2,,1,0,102.3113946729279,female,C,nan
590,1,3,55.113389540988614,0,2,3.494768183322083,female,S,nan
591,1,2,41.67284780066699,0,0,6.26716845196741,male,S,nan
592,1,2,,0,0,14.957782011406483,female,C,nan
593,0,2,43.73201810830237,3,1,7.066965385356107,male,S,nan
594,1,1,38.062271242379325,0,0,16.743335569227376,male,Q,nan
595,0,1,26.15723159989683,1,0,2.8045854519709827,male,S,nan
596,1,3,27.325420490228076,1,0,48.56476514782588,male,S,nan
597,1,3,23.50031671341419,0,0,38.61708820620323,female,S,nan
598,1,3,67.9037409390175,0,0,20.53385311218736,male,S,nan
599,1,1,,0,0,91.12007917558039,female,C,nan
600,1,2,22.974893600404197,1,0,166.74696044738957,male,S,A1
601,1,1,36.44970322541106,0,0,17.2231095244551,female,S,nan
602,1,3,15.042400691083396,0,0,88.93813264913267,male,S,nan
603,1,3,,1,0,18.624958545595696,male,C,nan
604,0,2,20.114498110796468,0,0,54.074990661559795,male,S,nan
605,1,3,36.965738773025755,1,0,57.15905394589694,female,Q,nan
606,1,1,45.15667563127545,0,0,14.025418086853934,male,C,nan
607,0,2,,0,0,34.88435597316626,male,S,D4
608,1,1,31.069814881384755,0,0,15.64213698242507,female,C,nan
609,1,2,29.856630230412218,0,0,46.78921451352974,male,Q,nan
610,1,3,28.881604095136947,0,0,16.90140811382546,male,S,B2
611,1,3,21.33787191055122,1,0,5.178055244722463,male,S,nan
612,0,1,,0,3,57.52805659593314,male,S,nan
613,1,3,51.15406041793855,0,2,47.01327423824036,male,S,nan
614,0,3,28.126218826065227,0,0,55.25064689774689,male,S,nan
615,1,3,,0,0,41.887851264064686,male,C,nan
616,1,3,22.213684845508126,2,0,55.58645339537695,male,S,B2
617,0,2,45.65537487010973,0,1,7.772705806166137,male,S,nan
618,0,3,39.49629618088494,3,1,48.790841884017496,female,S,nan
619,0,2,37.82477308436772,0,0,8.408710795156985,male,S,D4
620,0,3,25.96594261580802,0,0,32.04495361157372,male,S,nan
621,0,2,,0,0,33.37283450376173,male,S,D4
622,0,3,20.368363688215602,0,1,13.701939933825072,female,S,nan
623,0,1,25.93559654548627,1,1,34.21589474147299,male,S,nan
624,0,2,43.762165067180305,0,0,48.53367419797235,male,S,nan
625,1,3,42.37702634432643,0,0,24.839643590391145,female,Q,nan
626,0,3,15.462307233713352,0,0,4.455713566950705,male,S,nan
627,0,2,,0,0,10.155697701063149,female,S,A1
628,0,3,31.276181215794438,2,2,50.495056345484855,female,S,A1
629,1,3,,2,0,20.895053223384245,female,S,D4
630,0,2,1.9243051151995836,1,0,16.138247040578733,male,S,nan
631,1,3,33.73582762377231,1,0,79.25653931855885,male,S,nan
632,0,3,9.74737169218935,1,0,18.01221166431796,male,S,nan
633,0,3,20.50220059387959,0,1,116.31488297530355,female,S,nan
634,0,2,24.415787938068497,1,0,39.21129815990251,female,S,nan
635,0,2,23.602629020165082,0,1,68.93398969613189,female,S,nan
636,1,3,21.959958874941478,1,0,19.13108675771284,male,S,nan
637,0,3,29.804502375457368,2,0,58.75628635100866,female,Q,nan
638,0,3,,0,0,10.937110664272474,male,S,nan
639,1,3,8.494367919614785,1,0,12.643731554163237,female,Q,nan
640,1,3,41.008109381580255,2,0,43.84684714788767,male,S,nan
641,1,3,40.616646423658764,0,0,4.618517751801731,male,S,D4
642,1,3,41.9260274953287,0,0,15.284871841443696,male,S,nan
643,1,3,7.359349804170812,2,0,38.45344801802581,female,S,nan
644,0,3,34.03431321247019,2,0,95.07907492379225,male,S,nan
645,1,2,39.501693409200385,0,0,9.38883542155475,male,C,nan
646,0,3,14.747570007626017,0,1,61.32493018360336,male,S,nan
647,0,2,29.83301209864087,1,2,24.349517726830133,male,S,B2
648,1,2,28.014133642999695,0,0,147.5901979036062,female,S,nan
649,1,3,56.41118454923982,0,1,73.49031649671582,male,S,nan
650,1,2,57.60519253668231,0,0,28.756226121655047,male,S,nan
651,0,1,5.566832296712089,0,3,52.047838400617444,female,S,nan
652,1,3,65.86194158305585,0,0,1.2629822790804863,male,S,D4
653,0,3,,0,0,66.00852846413494,male,S,B2
654,1,1,,0,0,12.04772486593605,male,S,nan
655,1,1,43.7722207225241,1,1,49.06691670061436,male,S,C3
656,1,2,15.262491710793801,0,0,29.006034110579016,male,S,nan
657,1,3,,0,0,14.262130784426345,male,S,nan
658,1,3,28.14076070814207,0,0,87.47617481547563,male,C,C3
659,0,1,37.73778506716967,0,0,0.7473980394339819,female,Q,nan
660,0,3,33.044748384519075,0,1,18.32341226524746,female,S,B2
661,0,1,47.04692253786858,0,0,13.539851874152049,female,S,nan
662,1,2,30.793293375617903,0,0,9.43457818953759,male,C,nan
663,0,3,27.265825993318487,0,0,30.64348014914564,male,S,nan
664,0,1,45.592931379329116,0,0,30.623460181157917,female,S,C3
665,1,1,38.11574149044975,0,0,26.83617058261317,female,S,nan
666,1,2,40.31129421765287,2,1,36.66432779439449,male,S,D4
667,1,3,20.063493252250346,1,2,10.855769197503733,male,Q,nan
668,1,3,,0,0,103.97254863628064,male,nan,nan
669,1,3,21.468028922835828,0,0,2.128651878057977,male,Q,nan
670,0,1,20.698089907631463,0,0,86.62705507125752,male,C,nan
671,1,1,,0,0,2.364723437500966,male,S,nan
672,1,3,,0,0,14.018512897381433,female,C,nan
673,1,2,27.450610801780194,0,0,22.034429834218905,male,nan,nan
674,0,3,,0,0,7.310987070215088,male,S,nan
675,1,3,49.54280620959438,0,0,19.39996929359437,male,S,nan
676,1,1,,1,0,17.356725789812682,female,S,C3
677,1,3,17.782569312625917,1,1,40.50306574163569,female,S,nan
678,0,1,52.54296141681533,1,0,15.724035179780648,male,S,A1
679,1,2,28.81524841008808,0,0,20.639511133693333,male,S,nan
680,1,3,31.529395348249132,0,2,12.80255680846846,female,S,D4
681,1,3,,0,0,144.64934811331423,female,S,nan
682,0,3,16.798040268690634,1,0,8.285998938611908,male,S,nan
683,1,3,8.404728260428268,0,0,20.541162983298896,female,S,nan
684,1,3,38.876590691580674,0,0,31.77269864303935,male,S,nan
685,0,3,,0,0,15.172374931304732,male,Q,nan
686,1,3,,2,0,0.8298648974149188,male,S,nan
687,0,1,13.951933052119054,0,0,27.92843115420287,male,S,D4
688,1,3,11.467954112770133,0,0,20.298823587636367,male,S,nan
689,0,3,37.097011376394896,0,0,0.6002298189765325,male,C,nan
690,1,2,51.875045445025776,0,0,27.4162730665512,female,S,C3
691,1,3,30.636550025676712,0,0,9.991255228244418,male,S,nan
692,1,2,37.997515092715474,0,0,42.38567006284405,female,S,nan
693,1,1,2.9685624468487077,0,1,1.4533135129655588,male,C,C3
694,1,3,,1,0,18.283936951154676,male,Q,A1
695,0,2,14.132571927505278,0,0,10.475668912038127,female,S,B2
696,0,3,2.221835175755725,1,0,2.0033565509561013,female,S,D4
697,1,3,31.39621339334636,0,0,69.34324780140092,male,S,nan
698,1,3,,1,2,20.60542472524788,female,S,nan
699,0,2,10.528158491731993,0,0,14.713190641794357,male,C,nan
700,0,2,21.910689986805437,0,0,50.24329183471677,male,Q,B2
701,1,3,,0,2,19.481188962895217,male,Q,B2
702,1,3,35.44792328200248,2,0,34.387125989883025,male,C,nan
703,0,3,34.13091278258596,0,0,20.37983839166461,male,S,nan
704,0,3,42.66008181606412,1,0,17.87903972386381,male,Q,nan
705,0,1,40.60956412433383,1,0,35.364961263861275,female,S,nan
706,1,3,46.24178544574002,0,0,1.0678557452492428,female,S,B2
707,0,1,29.672183199868716,0,0,19.880184773956092,female,S,nan
708,1,1,34.10027006184171,0,0,101.72641496361668,female,S,nan
709,0,3,,0,1,4.562175779736612,male,C,D4
710,0,1,31.75402211216987,0,0,56.26756715907238,male,Q,nan
711,1,1,23.940682506202428,0,0,8.703098576063423,female,C,nan
712,1,1,,0,0,67.87002282439465,male,C,nan
713,1,2,17.845403224215502,0,0,5.465344602914719,male,S,nan
714,1,3,35.81344403369253,1,0,15.613487789207943,male,S,nan
715,1,1,,0,1,28.541282079010383,male,C,nan
716,1,3,20.083980615766908,1,0,126.93292476446186,male,S,nan
717,1,3,20.097450119793407,0,0,9.49036317830244,male,C,nan
718,0,1,12.149218447149565,0,0,46.09532337777907,male,S,nan
719,0,1,43.893199447939395,0,0,14.969953788010097,male,S,nan
720,1,3,30.839956208210918,0,0,52.251018997482205,female,S,C3
721,0,3,17.18939971618758,0,2,33.83296284920532,male,S,nan
722,1,3,,2,0,2.770627676154044,female,C,nan
723,1,3,,0,0,25.131718523628525,female,Q,B2
724,0,1,9.305740908322626,0,3,4.997332408784702,male,S,nan
725,1,2,44.50772319367743,0,0,10.9655099387213,female,S,nan
726,0,3,21.91209365129136,0,2,27.40957751777256,male,S,B2
727,1,2,,0,0,6.896289017552064,male,S,nan
728,0,3,30.297110295063074,0,0,86.91845814803739,male,S,nan
729,0,3,46.267543730456666,0,2,19.12494996938285,female,S,nan
730,1,3,29.99054071756152,0,0,24.367175236886848,female,S,nan
731,1,3,12.31280167089416,0,0,25.570838066018936,male,S,nan
732,0,2,37.586216559626614,4,0,16.045302250977382,male,S,nan
733,1,1,22.667648998205003,0,0,14.222859938821136,male,C,nan
734,1,1,57.07489758717726,0,0,32.206170534056355,female,S,D4
735,0,3,29.68376403103059,2,0,63.85103983989434,male,S,nan
736,1,1,1.0,0,0,44.49805448983637,male,S,nan
737,1,1,34.88179209625727,0,0,6.606717039301142,female,C,nan
738,0,1,57.89666798777331,1,0,71.51308512227384,male,C,D4
739,1,1,52.55084418390815,2,0,39.793933099662205,male,S,nan
740,1,3,56.24883718697019,1,0,69.50568340663966,male,S,nan
741,1,2,,0,0,13.683728711477634,male,C,nan
742,1,3,42.92620974166329,3,0,71.2483500016464,male,S,nan
743,1,1,,0,0,7.381495638578118,male,S,nan
744,0,3,32.952196291545405,3,0,51.90315116984317,male,Q,D4
745,1,2,11.24218978327388,1,0,19.713983813653634,female,S,nan
746,0,2,20.355391409200614,2,0,0.15875206086938706,male,S,nan
747,1,3,,0,0,85.92382578067055,female,C,nan
748,0,3,42.72905156206794,0,3,73.15677669288917,male,S,nan
749,0,3,41.310427264210006,0,2,7.510468447473921,female,S,nan
750,0,1,33.7138860752969,0,0,11.825375111532185,male,S,A1
751,1,1,10.11888943819691,0,2,46.15272276928784,female,C,nan
752,0,3,25.18122820772906,2,1,45.729834265377015,male,C,nan
753,0,2,18.881310997330473,0,0,41.9816948438294,male,C,nan
754,1,3,42.310298472070116,0,0,2.4075299521725926,male,S,nan
755,1,3,46.78368036584918,0,0,7.208720470476924,male,C,nan
756,0,3,45.017590997447805,0,0,4.205882798494443,female,Q,nan
757,1,3,18.7493184184532,0,0,22.850584954732664,female,S,nan
758,0,3,1.0,0,0,0.8107650190392504,female,S,A1
759,0,1,4.07905247711421,1,0,4.18285883168047,male,S,D4
760,1,1,,1,2,28.57536913977103,female,C,C3
761,0,3,23.881803379862554,0,0,5.02335932665058,female,S,A1
762,1,3,,0,0,41.22585065729224,male,S,nan
763,1,2,53.518574254825396,0,0,3.6073286266243008,male,Q,nan
764,1,2,48.04481920958074,1,0,76.96972638355884,female,Q,nan
765,0,3,,1,1,8.314476163858851,male,Q,B2
766,1,3,25.445655179572377,0,0,9.495554947477908,male,S,nan
767,1,3,27.784532414209682,1,0,0.16053815923150677,female,S,nan
768,0,2,32.99386057661826,0,0,43.97068238049486,male,S,nan
769,0,2,52.90068557913432,0,0,19.960252741768112,male,S,nan
770,0,3,35.825777651439786,1,0,141.79741503203655,male,C,nan
771,1,2,40.227420979067546,0,1,4.235782872545945,female,S,nan
772,1,3,46.65441658151748,0,0,61.46395018141478,female,S,nan
773,0,3,,0,0,6.552395482550611,female,S,C3
774,1,1,40.64549744087362,0,0,31.32443110990209,male,S,nan
775,1,1,25.428753057406634,0,0,12.081918608401349,male,C,nan
776,1,1,,0,0,21.765600146790593,male,S,nan
777,0,3,1.0,0,0,4.565583867993777,male,S,nan
778,0,3,,0,0,34.09392981384233,male,S,nan
779,0,1,37.40273681459243,1,0,16.927647574295193,female,S,nan
780,1,3,31.350093697434296,0,2,0.12416715461564784,female,S,nan
781,1,3,,2,0,10.641900787044783,male,Q,nan
782,1,3,,0,0,0.12348002024943269,female,S,nan
783,0,3,11.298200584532722,0,0,5.530334402074463,female,S,D4
784,0,1,29.302216364336008,0,0,55.43444715690244,male,C,nan
785,0,1,,1,0,12.946509033702625,male,S,nan
786,1,3,19.024039810194132,0,0,42.410067575728235,male,S,nan
787,0,1,,1,0,46.440737184674646,male,S,nan
788,1,3,6.5007346557769985,0,0,0.7480417500837772,male,S,A1
789,1,1,50.143640150487904,0,0,88.364800558302,male,S,nan
790,0,1,19.81658898830871,0,0,15.621176199859827,male,C,nan
791,0,1,59.155302389288295,0,0,50.15929142743023,male,Q,nan
792,0,2,,0,0,15.471394938138848,female,S,A1
793,1,1,,0,0,13.641380821158045,female,S,nan
794,1,1,28.92710839962826,0,0,45.773594090711825,male,S,nan
795,0,3,29.254214432222316,0,1,84.31789830600513,male,S,nan
796,0,2,21.231574668280885,0,2,25.710152967315103,male,S,nan
797,1,2,31.427296975811025,0,0,0.7525776617928039,male,S,nan
798,0,1,34.31098106900369,0,0,21.77689053477173,male,S,nan
799,0,2,18.32825162072989,0,0,10.770120756620639,male,Q,nan
800,0,2,27.88685597003168,0,0,24.65504101451396,male,C,nan
801,0,3,20.85356644217185,0,0,16.719646313623883,female,S,nan
802,0,1,63.04512900941516,0,1,8.398240373561954,male,C,nan
803,1,3,28.39890383628153,1,0,1.5062780937368045,female,S,nan
804,1,3,52.10586619960011,0,0,0.5752401108030256,male,C,nan
805,1,1,26.86347620328852,0,0,38.65414195720788,male,nan,nan
806,1,1,33.45967080225616,1,0,14.258273582340323,female,S,nan
807,1,1,10.540220961143596,0,1,85.16068749285799,male,S,nan
808,0,3,23.217447417915963,0,0,103.04024111546308,male,S,nan
809,0,1,32.75275272644408,2,0,41.76114937048597,female,S,nan
810,1,3,,2,0,27.648340361129737,male,S,nan
811,0,3,32.91875027630593,1,0,9.923126072086434,male,S,nan
812,1,3,49.763945237298486,0,0,18.52837202802471,male,S,nan
813,1,3,,0,0,25.93690854705032,male,S,A1
814,0,3,53.29731942223795,3,0,68.7035515466104,male,S,nan
815,1,1,,2,0,32.39130780253294,male,S,nan
816,1,2,64.35822930445116,0,1,9.186421292783551,female,S,nan
817,0,2,22.661755057745218,0,0,15.96471533315105,female,S,nan
818,0,3,18.5863034041338,0,0,104.36136145292801,male,S,nan
819,1,3,12.154233679509005,0,1,7.932121836811229,male,C,nan
820,1,3,,1,0,44.063338588223665,female,S,nan
821,0,1,41.58198980295951,0,0,5.430369097996207,female,S,nan
822,1,3,24.85524936598553,0,2,6.2405888852100855,male,S,nan
823,0,3,,0,0,72.8494545052752,male,S,nan
824,1,3,39.67153668420784,0,0,19.437558292203843,female,S,nan
825,1,3,58.208848334946055,0,0,21.04816305646075,female,S,nan
826,0,2,7.256423925271285,0,0,12.711775081553519,female,C,nan
827,1,2,25.85227842944331,0,0,15.105851215896251,male,S,B2
828,1,3,22.99343993282903,2,1,18.73299282211326,male,S,nan
829,1,1,1.0816011920752757,0,0,8.101309950122186,male,S,B2
830,0,2,45.074744469305564,0,1,6.911091483316455,male,S,nan
831,0,1,25.7792499408513,0,0,49.30727234727559,female,C,nan
832,0,1,40.424652472305155,0,0,12.606235183637606,male,S,nan
833,0,3,63.916693047779376,0,0,19.950310024405265,male,S,nan
834,0,3,24.577966468499678,0,0,101.83449450639655,female,C,nan
835,1,2,23.59328175147125,0,0,1.0220223378868045,female,S,nan
836,1,2,31.42063046099794,0,0,9.903439418928986,female,S,nan
837,1,2,,0,0,23.242663313829315,female,C,nan
838,0,3,21.48266113300283,0,0,65.51980659887904,male,S,C3
839,0,3,20.551056841584106,0,0,49.89018531234414,male,S,nan
840,1,3,45.0292444184998,0,0,68.73093322953709,male,Q,nan
841,0,2,35.190270195651514,0,0,10.361523213711129,female,S,nan
842,1,2,1.0,0,0,25.095673931069722,female,S,B2
843,1,3,11.93181890769793,0,0,83.05534222399424,male,S,C3
844,0,3,51.46792002549455,0,0,58.15405717455744,male,S,A1
845,0,3,35.52796010464278,0,0,22.14753485727105,male,S,A1
846,0,3,18.64815899995989,4,0,2.8903405305042393,male,S,nan
847,0,3,,4,0,27.934145792222214,female,S,nan
848,0,2,29.891931755624217,3,0,0.5791166471844446,male,C,nan
849,1,2,,0,0,53.286179265565636,female,S,A1
850,1,2,10.00518077454755,0,0,86.04817870420192,male,S,nan
851,1,1,17.506237489278355,0,1,43.761900860944806,male,C,nan
852,1,1,33.65785844551914,0,1,10.121306149187689,male,C,B2
853,1,3,28.25239858281597,0,0,21.082700730259354,female,C,D4
854,0,2,,0,0,23.182346883911936,male,C,C3
855,0,1,11.87214273828583,0,0,13.749542184256454,male,nan,nan
856,1,3,34.87836580593415,0,3,65.75297220536314,male,S,nan
857,0,3,,0,0,13.675483900419119,female,Q,nan
858,0,2,36.75886893366461,1,0,61.929526236124815,female,S,nan
859,1,3,31.71712022654308,0,0,25.38032242131898,female,S,nan
860,1,3,,1,0,4.306814915698312,male,Q,nan
861,1,3,17.59465828481322,0,0,69.47321393953466,female,S,D4
862,1,3,28.656020409623068,0,0,22.084917844427256,male,S,nan
863,0,1,47.965734866765885,0,0,3.303580020053016,female,S,nan
864,1,3,,0,0,69.47202743394249,male,S,B2
865,1,2,16.797842154448055,0,1,47.855799384285596,male,S,nan
866,1,3,22.5624172129019,0,1,10.327855908519068,female,S,nan
867,1,3,,0,0,17.479175651170568,female,Q,nan
868,1,1,24.28404704087772,0,0,80.03164590175388,male,S,nan
869,0,1,36.73689760441554,0,0,13.35379372873456,male,S,nan
870,0,3,37.28123453086094,2,1,27.258175985941097,female,C,nan
871,0,3,42.5902561158674,0,0,51.042125392628115,female,C,nan
872,0,1,,0,0,14.3509734823939,female,S,C3
873,0,3,,0,1,63.15915733718539,male,S,nan
874,0,3,16.15353356985458,0,0,38.49015070819162,male,nan,B2
875,1,3,16.598750524644053,0,0,25.698468395515533,female,nan,nan
876,1,3,28.601313591332545,0,0,22.094270623627388,female,S,B2
877,1,1,23.15795732002849,1,0,59.636259639828694,female,S,nan
878,1,3,13.19426245906633,0,0,43.76646179374888,female,C,nan
879,1,2,,0,0,20.726907604558285,male,S,B2
880,1,3,,0,2,13.340906159085433,male,S,A1
881,0,2,19.958207773462515,1,0,15.355757537743708,female,C,nan
882,1,3,25.121052450752416,1,1,31.47094188277292,male,C,nan
883,0,2,46.7875373296158,2,0,0.8718983101102324,female,S,nan
884,0,1,32.588951598113965,0,0,5.654539760142298,female,S,nan
885,1,3,65.5412316028043,0,2,87.80337793572188,female,S,D4
886,1,3,32.17236869728492,0,0,48.94449904230984,male,S,nan
887,0,3,,1,0,45.05879489965367,female,S,nan
888,0,3,29.759926798495556,0,0,24.84978615247272,male,S,nan
889,0,3,33.41913368743133,0,0,10.15859926659061,male,S,nan
890,0,3,36.01118237898042,0,1,28.833522820492952,male,S,nan
891,0,1,,0,0,1.1690112873280198,male,S,nan
